IN_LINK_ID,OUT_LINK_ID,TURN_RATIO,DAY,TIME_OF_DAY,WEIGHT
4932995149329981,4932998149329995,0.07245,09-Apr-2015,00:00:00,1
4932995149329981,4932998149329995,0.07996,09-Apr-2015,00:05:00,1
4932995149329981,4932998149329995,0.08093,09-Apr-2015,00:10:00,1
4932995149329981,4932998149329995,0.07948999999999999,09-Apr-2015,00:15:00,1
4932995149329981,4932998149329995,0.07551000000000001,09-Apr-2015,00:20:00,1
4932995149329981,4932998149329995,0.0724,09-Apr-2015,00:25:00,1
4932995149329981,4932998149329995,0.07948999999999999,09-Apr-2015,00:30:00,1
4932995149329981,4932998149329995,0.07942,09-Apr-2015,00:35:00,1
4932995149329981,4932998149329995,0.07304,09-Apr-2015,00:40:00,1
4932995149329981,4932998149329995,0.07124,09-Apr-2015,00:45:00,1
4932995149329981,4932998149329995,0.06886,09-Apr-2015,00:50:00,1
4932995149329981,4932998149329995,0.07027,09-Apr-2015,00:55:00,1
4932995149329981,4932998149329995,0.06662,09-Apr-2015,01:00:00,1
4932995149329981,4932998149329995,0.06391000000000001,09-Apr-2015,01:05:00,1
4932995149329981,4932998149329995,0.05899,09-Apr-2015,01:10:00,1
4932995149329981,4932998149329995,0.06163,09-Apr-2015,01:15:00,1
4932995149329981,4932998149329995,0.06408,09-Apr-2015,01:20:00,1
4932995149329981,4932998149329995,0.056920000000000005,09-Apr-2015,01:25:00,1
4932995149329981,4932998149329995,0.054439999999999995,09-Apr-2015,01:30:00,1
4932995149329981,4932998149329995,0.05045,09-Apr-2015,01:35:00,1
4932995149329981,4932998149329995,0.053489999999999996,09-Apr-2015,01:40:00,1
4932995149329981,4932998149329995,0.0502,09-Apr-2015,01:45:00,1
4932995149329981,4932998149329995,0.045439999999999994,09-Apr-2015,01:50:00,1
4932995149329981,4932998149329995,0.04768,09-Apr-2015,01:55:00,1
4932995149329981,4932998149329995,0.04752,09-Apr-2015,02:00:00,1
4932995149329981,4932998149329995,0.05259,09-Apr-2015,02:05:00,1
4932995149329981,4932998149329995,0.04633,09-Apr-2015,02:10:00,1
4932995149329981,4932998149329995,0.046310000000000004,09-Apr-2015,02:15:00,1
4932995149329981,4932998149329995,0.04754,09-Apr-2015,02:20:00,1
4932995149329981,4932998149329995,0.049530000000000005,09-Apr-2015,02:25:00,1
4932995149329981,4932998149329995,0.053829999999999996,09-Apr-2015,02:30:00,1
4932995149329981,4932998149329995,0.054079999999999996,09-Apr-2015,02:35:00,1
4932995149329981,4932998149329995,0.05927999999999999,09-Apr-2015,02:40:00,1
4932995149329981,4932998149329995,0.058379999999999994,09-Apr-2015,02:45:00,1
4932995149329981,4932998149329995,0.0565,09-Apr-2015,02:50:00,1
4932995149329981,4932998149329995,0.05716,09-Apr-2015,02:55:00,1
4932995149329981,4932998149329995,0.05725,09-Apr-2015,03:00:00,1
4932995149329981,4932998149329995,0.06434,09-Apr-2015,03:05:00,1
4932995149329981,4932998149329995,0.060320000000000006,09-Apr-2015,03:10:00,1
4932995149329981,4932998149329995,0.057089999999999995,09-Apr-2015,03:15:00,1
4932995149329981,4932998149329995,0.05355,09-Apr-2015,03:20:00,1
4932995149329981,4932998149329995,0.04985,09-Apr-2015,03:25:00,1
4932995149329981,4932998149329995,0.04237,09-Apr-2015,03:30:00,1
4932995149329981,4932998149329995,0.0399,09-Apr-2015,03:35:00,1
4932995149329981,4932998149329995,0.04013,09-Apr-2015,03:40:00,1
4932995149329981,4932998149329995,0.03884,09-Apr-2015,03:45:00,1
4932995149329981,4932998149329995,0.035410000000000004,09-Apr-2015,03:50:00,1
4932995149329981,4932998149329995,0.03512,09-Apr-2015,03:55:00,1
4932995149329981,4932998149329995,0.03154,09-Apr-2015,04:00:00,1
4932995149329981,4932998149329995,0.03259,09-Apr-2015,04:05:00,1
4932995149329981,4932998149329995,0.03437,09-Apr-2015,04:10:00,1
4932995149329981,4932998149329995,0.04142,09-Apr-2015,04:15:00,1
4932995149329981,4932998149329995,0.035460000000000005,09-Apr-2015,04:20:00,1
4932995149329981,4932998149329995,0.034710000000000005,09-Apr-2015,04:25:00,1
4932995149329981,4932998149329995,0.03664,09-Apr-2015,04:30:00,1
4932995149329981,4932998149329995,0.03884,09-Apr-2015,04:35:00,1
4932995149329981,4932998149329995,0.03888,09-Apr-2015,04:40:00,1
4932995149329981,4932998149329995,0.03783,09-Apr-2015,04:45:00,1
4932995149329981,4932998149329995,0.03249,09-Apr-2015,04:50:00,1
4932995149329981,4932998149329995,0.03317,09-Apr-2015,04:55:00,1
4932995149329981,4932998149329995,0.03472,09-Apr-2015,05:00:00,1
4932995149329981,4932998149329995,0.03273,09-Apr-2015,05:05:00,1
4932995149329981,4932998149329995,0.029269999999999997,09-Apr-2015,05:10:00,1
4932995149329981,4932998149329995,0.0302,09-Apr-2015,05:15:00,1
4932995149329981,4932998149329995,0.03225,09-Apr-2015,05:20:00,1
4932995149329981,4932998149329995,0.03059,09-Apr-2015,05:25:00,1
4932995149329981,4932998149329995,0.03071,09-Apr-2015,05:30:00,1
4932995149329981,4932998149329995,0.03025,09-Apr-2015,05:35:00,1
4932995149329981,4932998149329995,0.03399,09-Apr-2015,05:40:00,1
4932995149329981,4932998149329995,0.03703,09-Apr-2015,05:45:00,1
4932995149329981,4932998149329995,0.03898,09-Apr-2015,05:50:00,1
4932995149329981,4932998149329995,0.04028,09-Apr-2015,05:55:00,1
4932995149329981,4932998149329995,0.04382,09-Apr-2015,06:00:00,1
4932995149329981,4932998149329995,0.0462,09-Apr-2015,06:05:00,1
4932995149329981,4932998149329995,0.051579999999999994,09-Apr-2015,06:10:00,1
4932995149329981,4932998149329995,0.05869,09-Apr-2015,06:15:00,1
4932995149329981,4932998149329995,0.06615,09-Apr-2015,06:20:00,1
4932995149329981,4932998149329995,0.07455,09-Apr-2015,06:25:00,1
4932995149329981,4932998149329995,0.08784,09-Apr-2015,06:30:00,1
4932995149329981,4932998149329995,0.0981,09-Apr-2015,06:35:00,1
4932995149329981,4932998149329995,0.10073,09-Apr-2015,06:40:00,1
4932995149329981,4932998149329995,0.10153999999999999,09-Apr-2015,06:45:00,1
4932995149329981,4932998149329995,0.10259000000000001,09-Apr-2015,06:50:00,1
4932995149329981,4932998149329995,0.10096000000000001,09-Apr-2015,06:55:00,1
4932995149329981,4932998149329995,0.10039,09-Apr-2015,07:00:00,1
4932995149329981,4932998149329995,0.09952000000000001,09-Apr-2015,07:05:00,1
4932995149329981,4932998149329995,0.09677000000000001,09-Apr-2015,07:10:00,1
4932995149329981,4932998149329995,0.09486,09-Apr-2015,07:15:00,1
4932995149329981,4932998149329995,0.09186,09-Apr-2015,07:20:00,1
4932995149329981,4932998149329995,0.08764,09-Apr-2015,07:25:00,1
4932995149329981,4932998149329995,0.08397,09-Apr-2015,07:30:00,1
4932995149329981,4932998149329995,0.08445,09-Apr-2015,07:35:00,1
4932995149329981,4932998149329995,0.08913,09-Apr-2015,07:40:00,1
4932995149329981,4932998149329995,0.09165,09-Apr-2015,07:45:00,1
4932995149329981,4932998149329995,0.09572,09-Apr-2015,07:50:00,1
4932995149329981,4932998149329995,0.10035,09-Apr-2015,07:55:00,1
4932995149329981,4932998149329995,0.10452,09-Apr-2015,08:00:00,1
4932995149329981,4932998149329995,0.11095999999999999,09-Apr-2015,08:05:00,1
4932995149329981,4932998149329995,0.11652,09-Apr-2015,08:10:00,1
4932995149329981,4932998149329995,0.12067,09-Apr-2015,08:15:00,1
4932995149329981,4932998149329995,0.12378,09-Apr-2015,08:20:00,1
4932995149329981,4932998149329995,0.12513,09-Apr-2015,08:25:00,1
4932995149329981,4932998149329995,0.1278,09-Apr-2015,08:30:00,1
4932995149329981,4932998149329995,0.13002,09-Apr-2015,08:35:00,1
4932995149329981,4932998149329995,0.13155,09-Apr-2015,08:40:00,1
4932995149329981,4932998149329995,0.13205999999999998,09-Apr-2015,08:45:00,1
4932995149329981,4932998149329995,0.13176,09-Apr-2015,08:50:00,1
4932995149329981,4932998149329995,0.13177,09-Apr-2015,08:55:00,1
4932995149329981,4932998149329995,0.12839,09-Apr-2015,09:00:00,1
4932995149329981,4932998149329995,0.12804000000000001,09-Apr-2015,09:05:00,1
4932995149329981,4932998149329995,0.1272,09-Apr-2015,09:10:00,1
4932995149329981,4932998149329995,0.12382,09-Apr-2015,09:15:00,1
4932995149329981,4932998149329995,0.12317,09-Apr-2015,09:20:00,1
4932995149329981,4932998149329995,0.12161,09-Apr-2015,09:25:00,1
4932995149329981,4932998149329995,0.11639000000000001,09-Apr-2015,09:30:00,1
4932995149329981,4932998149329995,0.11577,09-Apr-2015,09:35:00,1
4932995149329981,4932998149329995,0.11677,09-Apr-2015,09:40:00,1
4932995149329981,4932998149329995,0.11699999999999999,09-Apr-2015,09:45:00,1
4932995149329981,4932998149329995,0.11765,09-Apr-2015,09:50:00,1
4932995149329981,4932998149329995,0.12093,09-Apr-2015,09:55:00,1
4932995149329981,4932998149329995,0.12046,09-Apr-2015,10:00:00,1
4932995149329981,4932998149329995,0.12114000000000001,09-Apr-2015,10:05:00,1
4932995149329981,4932998149329995,0.12011,09-Apr-2015,10:10:00,1
4932995149329981,4932998149329995,0.11838,09-Apr-2015,10:15:00,1
4932995149329981,4932998149329995,0.11700999999999999,09-Apr-2015,10:20:00,1
4932995149329981,4932998149329995,0.11692000000000001,09-Apr-2015,10:25:00,1
4932995149329981,4932998149329995,0.11332,09-Apr-2015,10:30:00,1
4932995149329981,4932998149329995,0.10889000000000001,09-Apr-2015,10:35:00,1
4932995149329981,4932998149329995,0.1058,09-Apr-2015,10:40:00,1
4932995149329981,4932998149329995,0.10282000000000001,09-Apr-2015,10:45:00,1
4932995149329981,4932998149329995,0.09821,09-Apr-2015,10:50:00,1
4932995149329981,4932998149329995,0.09222999999999999,09-Apr-2015,10:55:00,1
4932995149329981,4932998149329995,0.09018,09-Apr-2015,11:00:00,1
4932995149329981,4932998149329995,0.09072999999999999,09-Apr-2015,11:05:00,1
4932995149329981,4932998149329995,0.08945,09-Apr-2015,11:10:00,1
4932995149329981,4932998149329995,0.08905,09-Apr-2015,11:15:00,1
4932995149329981,4932998149329995,0.08791,09-Apr-2015,11:20:00,1
4932995149329981,4932998149329995,0.08927,09-Apr-2015,11:25:00,1
4932995149329981,4932998149329995,0.09402,09-Apr-2015,11:30:00,1
4932995149329981,4932998149329995,0.09749,09-Apr-2015,11:35:00,1
4932995149329981,4932998149329995,0.10069,09-Apr-2015,11:40:00,1
4932995149329981,4932998149329995,0.10409000000000002,09-Apr-2015,11:45:00,1
4932995149329981,4932998149329995,0.10553,09-Apr-2015,11:50:00,1
4932995149329981,4932998149329995,0.10472999999999999,09-Apr-2015,11:55:00,1
4932995149329981,4932998149329995,0.10563,09-Apr-2015,12:00:00,1
4932995149329981,4932998149329995,0.10755,09-Apr-2015,12:05:00,1
4932995149329981,4932998149329995,0.10768,09-Apr-2015,12:10:00,1
4932995149329981,4932998149329995,0.10676,09-Apr-2015,12:15:00,1
4932995149329981,4932998149329995,0.10594,09-Apr-2015,12:20:00,1
4932995149329981,4932998149329995,0.10378,09-Apr-2015,12:25:00,1
4932995149329981,4932998149329995,0.10199,09-Apr-2015,12:30:00,1
4932995149329981,4932998149329995,0.09591000000000001,09-Apr-2015,12:35:00,1
4932995149329981,4932998149329995,0.09141,09-Apr-2015,12:40:00,1
4932995149329981,4932998149329995,0.09043,09-Apr-2015,12:45:00,1
4932995149329981,4932998149329995,0.08926,09-Apr-2015,12:50:00,1
4932995149329981,4932998149329995,0.08632000000000001,09-Apr-2015,12:55:00,1
4932995149329981,4932998149329995,0.08423,09-Apr-2015,13:00:00,1
4932995149329981,4932998149329995,0.08326,09-Apr-2015,13:05:00,1
4932995149329981,4932998149329995,0.0854,09-Apr-2015,13:10:00,1
4932995149329981,4932998149329995,0.08609,09-Apr-2015,13:15:00,1
4932995149329981,4932998149329995,0.08675,09-Apr-2015,13:20:00,1
4932995149329981,4932998149329995,0.08778,09-Apr-2015,13:25:00,1
4932995149329981,4932998149329995,0.09381,09-Apr-2015,13:30:00,1
4932995149329981,4932998149329995,0.0935,09-Apr-2015,13:35:00,1
4932995149329981,4932998149329995,0.09407,09-Apr-2015,13:40:00,1
4932995149329981,4932998149329995,0.09437000000000001,09-Apr-2015,13:45:00,1
4932995149329981,4932998149329995,0.09577999999999999,09-Apr-2015,13:50:00,1
4932995149329981,4932998149329995,0.09498999999999999,09-Apr-2015,13:55:00,1
4932995149329981,4932998149329995,0.09368,09-Apr-2015,14:00:00,1
4932995149329981,4932998149329995,0.09179,09-Apr-2015,14:05:00,1
4932995149329981,4932998149329995,0.08768,09-Apr-2015,14:10:00,1
4932995149329981,4932998149329995,0.08446000000000001,09-Apr-2015,14:15:00,1
4932995149329981,4932998149329995,0.08102000000000001,09-Apr-2015,14:20:00,1
4932995149329981,4932998149329995,0.07883,09-Apr-2015,14:25:00,1
4932995149329981,4932998149329995,0.08012999999999999,09-Apr-2015,14:30:00,1
4932995149329981,4932998149329995,0.08127999999999999,09-Apr-2015,14:35:00,1
4932995149329981,4932998149329995,0.08007,09-Apr-2015,14:40:00,1
4932995149329981,4932998149329995,0.07996,09-Apr-2015,14:45:00,1
4932995149329981,4932998149329995,0.08259,09-Apr-2015,14:50:00,1
4932995149329981,4932998149329995,0.08548,09-Apr-2015,14:55:00,1
4932995149329981,4932998149329995,0.08588,09-Apr-2015,15:00:00,1
4932995149329981,4932998149329995,0.08935,09-Apr-2015,15:05:00,1
4932995149329981,4932998149329995,0.09172000000000001,09-Apr-2015,15:10:00,1
4932995149329981,4932998149329995,0.0969,09-Apr-2015,15:15:00,1
4932995149329981,4932998149329995,0.0945,09-Apr-2015,15:20:00,1
4932995149329981,4932998149329995,0.09132,09-Apr-2015,15:25:00,1
4932995149329981,4932998149329995,0.09315,09-Apr-2015,15:30:00,1
4932995149329981,4932998149329995,0.09204,09-Apr-2015,15:35:00,1
4932995149329981,4932998149329995,0.08859,09-Apr-2015,15:40:00,1
4932995149329981,4932998149329995,0.08479,09-Apr-2015,15:45:00,1
4932995149329981,4932998149329995,0.08341,09-Apr-2015,15:50:00,1
4932995149329981,4932998149329995,0.08338,09-Apr-2015,15:55:00,1
4932995149329981,4932998149329995,0.08304,09-Apr-2015,16:00:00,1
4932995149329981,4932998149329995,0.08199,09-Apr-2015,16:05:00,1
4932995149329981,4932998149329995,0.07887999999999999,09-Apr-2015,16:10:00,1
4932995149329981,4932998149329995,0.08002999999999999,09-Apr-2015,16:15:00,1
4932995149329981,4932998149329995,0.08256000000000001,09-Apr-2015,16:20:00,1
4932995149329981,4932998149329995,0.08035,09-Apr-2015,16:25:00,1
4932995149329981,4932998149329995,0.08177999999999999,09-Apr-2015,16:30:00,1
4932995149329981,4932998149329995,0.08575,09-Apr-2015,16:35:00,1
4932995149329981,4932998149329995,0.0884,09-Apr-2015,16:40:00,1
4932995149329981,4932998149329995,0.09028,09-Apr-2015,16:45:00,1
4932995149329981,4932998149329995,0.08991,09-Apr-2015,16:50:00,1
4932995149329981,4932998149329995,0.09165,09-Apr-2015,16:55:00,1
4932995149329981,4932998149329995,0.09459,09-Apr-2015,17:00:00,1
4932995149329981,4932998149329995,0.09759,09-Apr-2015,17:05:00,1
4932995149329981,4932998149329995,0.09894,09-Apr-2015,17:10:00,1
4932995149329981,4932998149329995,0.10214,09-Apr-2015,17:15:00,1
4932995149329981,4932998149329995,0.10528,09-Apr-2015,17:20:00,1
4932995149329981,4932998149329995,0.10887999999999999,09-Apr-2015,17:25:00,1
4932995149329981,4932998149329995,0.11055,09-Apr-2015,17:30:00,1
4932995149329981,4932998149329995,0.1128,09-Apr-2015,17:35:00,1
4932995149329981,4932998149329995,0.11494000000000001,09-Apr-2015,17:40:00,1
4932995149329981,4932998149329995,0.11997999999999999,09-Apr-2015,17:45:00,1
4932995149329981,4932998149329995,0.12567,09-Apr-2015,17:50:00,1
4932995149329981,4932998149329995,0.12276,09-Apr-2015,17:55:00,1
4932995149329981,4932998149329995,0.12099000000000001,09-Apr-2015,18:00:00,1
4932995149329981,4932998149329995,0.12201,09-Apr-2015,18:05:00,1
4932995149329981,4932998149329995,0.11934000000000002,09-Apr-2015,18:10:00,1
4932995149329981,4932998149329995,0.11703,09-Apr-2015,18:15:00,1
4932995149329981,4932998149329995,0.1156,09-Apr-2015,18:20:00,1
4932995149329981,4932998149329995,0.11640999999999999,09-Apr-2015,18:25:00,1
4932995149329981,4932998149329995,0.11621,09-Apr-2015,18:30:00,1
4932995149329981,4932998149329995,0.11713,09-Apr-2015,18:35:00,1
4932995149329981,4932998149329995,0.11488,09-Apr-2015,18:40:00,1
4932995149329981,4932998149329995,0.11272,09-Apr-2015,18:45:00,1
4932995149329981,4932998149329995,0.11703,09-Apr-2015,18:50:00,1
4932995149329981,4932998149329995,0.11750999999999999,09-Apr-2015,18:55:00,1
4932995149329981,4932998149329995,0.11690999999999999,09-Apr-2015,19:00:00,1
4932995149329981,4932998149329995,0.11813,09-Apr-2015,19:05:00,1
4932995149329981,4932998149329995,0.11922,09-Apr-2015,19:10:00,1
4932995149329981,4932998149329995,0.1183,09-Apr-2015,19:15:00,1
4932995149329981,4932998149329995,0.11531,09-Apr-2015,19:20:00,1
4932995149329981,4932998149329995,0.11425,09-Apr-2015,19:25:00,1
4932995149329981,4932998149329995,0.11213,09-Apr-2015,19:30:00,1
4932995149329981,4932998149329995,0.11348,09-Apr-2015,19:35:00,1
4932995149329981,4932998149329995,0.11344000000000001,09-Apr-2015,19:40:00,1
4932995149329981,4932998149329995,0.11085,09-Apr-2015,19:45:00,1
4932995149329981,4932998149329995,0.11135999999999999,09-Apr-2015,19:50:00,1
4932995149329981,4932998149329995,0.11195999999999999,09-Apr-2015,19:55:00,1
4932995149329981,4932998149329995,0.11117,09-Apr-2015,20:00:00,1
4932995149329981,4932998149329995,0.1111,09-Apr-2015,20:05:00,1
4932995149329981,4932998149329995,0.11205999999999999,09-Apr-2015,20:10:00,1
4932995149329981,4932998149329995,0.11024,09-Apr-2015,20:15:00,1
4932995149329981,4932998149329995,0.10937999999999999,09-Apr-2015,20:20:00,1
4932995149329981,4932998149329995,0.10643,09-Apr-2015,20:25:00,1
4932995149329981,4932998149329995,0.10579000000000001,09-Apr-2015,20:30:00,1
4932995149329981,4932998149329995,0.10665999999999999,09-Apr-2015,20:35:00,1
4932995149329981,4932998149329995,0.10643,09-Apr-2015,20:40:00,1
4932995149329981,4932998149329995,0.10540999999999999,09-Apr-2015,20:45:00,1
4932995149329981,4932998149329995,0.10086,09-Apr-2015,20:50:00,1
4932995149329981,4932998149329995,0.10167999999999999,09-Apr-2015,20:55:00,1
4932995149329981,4932998149329995,0.10047,09-Apr-2015,21:00:00,1
4932995149329981,4932998149329995,0.10099999999999999,09-Apr-2015,21:05:00,1
4932995149329981,4932998149329995,0.10262,09-Apr-2015,21:10:00,1
4932995149329981,4932998149329995,0.10303,09-Apr-2015,21:15:00,1
4932995149329981,4932998149329995,0.10394,09-Apr-2015,21:20:00,1
4932995149329981,4932998149329995,0.10405,09-Apr-2015,21:25:00,1
4932995149329981,4932998149329995,0.10375999999999999,09-Apr-2015,21:30:00,1
4932995149329981,4932998149329995,0.10386,09-Apr-2015,21:35:00,1
4932995149329981,4932998149329995,0.10354000000000001,09-Apr-2015,21:40:00,1
4932995149329981,4932998149329995,0.10678,09-Apr-2015,21:45:00,1
4932995149329981,4932998149329995,0.10745,09-Apr-2015,21:50:00,1
4932995149329981,4932998149329995,0.10725,09-Apr-2015,21:55:00,1
4932995149329981,4932998149329995,0.10457000000000001,09-Apr-2015,22:00:00,1
4932995149329981,4932998149329995,0.10540999999999999,09-Apr-2015,22:05:00,1
4932995149329981,4932998149329995,0.10344,09-Apr-2015,22:10:00,1
4932995149329981,4932998149329995,0.10057999999999999,09-Apr-2015,22:15:00,1
4932995149329981,4932998149329995,0.10128,09-Apr-2015,22:20:00,1
4932995149329981,4932998149329995,0.10149,09-Apr-2015,22:25:00,1
4932995149329981,4932998149329995,0.10117999999999999,09-Apr-2015,22:30:00,1
4932995149329981,4932998149329995,0.10134,09-Apr-2015,22:35:00,1
4932995149329981,4932998149329995,0.10159,09-Apr-2015,22:40:00,1
4932995149329981,4932998149329995,0.1012,09-Apr-2015,22:45:00,1
4932995149329981,4932998149329995,0.10595999999999998,09-Apr-2015,22:50:00,1
4932995149329981,4932998149329995,0.10474000000000001,09-Apr-2015,22:55:00,1
4932995149329981,4932998149329995,0.10259000000000001,09-Apr-2015,23:00:00,1
4932995149329981,4932998149329995,0.10764000000000001,09-Apr-2015,23:05:00,1
4932995149329981,4932998149329995,0.11288,09-Apr-2015,23:10:00,1
4932995149329981,4932998149329995,0.09764,09-Apr-2015,23:15:00,1
4932995149329981,4932998149329995,0.09663,09-Apr-2015,23:20:00,1
4932995149329981,4932998149329995,0.09542,09-Apr-2015,23:25:00,1
4932995149329981,4932998149329995,0.09291,09-Apr-2015,23:30:00,1
4932995149329981,4932998149329995,0.08753999999999999,09-Apr-2015,23:35:00,1
4932995149329981,4932998149329995,0.08769,09-Apr-2015,23:40:00,1
4932995149329981,4932998149329995,0.07998999999999999,09-Apr-2015,23:45:00,1
4932995149329981,4932998149329995,0.07933,09-Apr-2015,23:50:00,1
4932995149329981,4932998149329995,0.07722000000000001,09-Apr-2015,23:55:00,1
4932995149329981,49329981941017052,0.92755,09-Apr-2015,00:00:00,1
4932995149329981,49329981941017052,0.92004,09-Apr-2015,00:05:00,1
4932995149329981,49329981941017052,0.91907,09-Apr-2015,00:10:00,1
4932995149329981,49329981941017052,0.92051,09-Apr-2015,00:15:00,1
4932995149329981,49329981941017052,0.9244899999999999,09-Apr-2015,00:20:00,1
4932995149329981,49329981941017052,0.9276,09-Apr-2015,00:25:00,1
4932995149329981,49329981941017052,0.92051,09-Apr-2015,00:30:00,1
4932995149329981,49329981941017052,0.92058,09-Apr-2015,00:35:00,1
4932995149329981,49329981941017052,0.92696,09-Apr-2015,00:40:00,1
4932995149329981,49329981941017052,0.92876,09-Apr-2015,00:45:00,1
4932995149329981,49329981941017052,0.93114,09-Apr-2015,00:50:00,1
4932995149329981,49329981941017052,0.92973,09-Apr-2015,00:55:00,1
4932995149329981,49329981941017052,0.9333799999999999,09-Apr-2015,01:00:00,1
4932995149329981,49329981941017052,0.93609,09-Apr-2015,01:05:00,1
4932995149329981,49329981941017052,0.94101,09-Apr-2015,01:10:00,1
4932995149329981,49329981941017052,0.93837,09-Apr-2015,01:15:00,1
4932995149329981,49329981941017052,0.9359200000000001,09-Apr-2015,01:20:00,1
4932995149329981,49329981941017052,0.9430799999999999,09-Apr-2015,01:25:00,1
4932995149329981,49329981941017052,0.9455600000000001,09-Apr-2015,01:30:00,1
4932995149329981,49329981941017052,0.94955,09-Apr-2015,01:35:00,1
4932995149329981,49329981941017052,0.9465100000000001,09-Apr-2015,01:40:00,1
4932995149329981,49329981941017052,0.9498,09-Apr-2015,01:45:00,1
4932995149329981,49329981941017052,0.9545600000000001,09-Apr-2015,01:50:00,1
4932995149329981,49329981941017052,0.95232,09-Apr-2015,01:55:00,1
4932995149329981,49329981941017052,0.9524799999999999,09-Apr-2015,02:00:00,1
4932995149329981,49329981941017052,0.9474100000000001,09-Apr-2015,02:05:00,1
4932995149329981,49329981941017052,0.95367,09-Apr-2015,02:10:00,1
4932995149329981,49329981941017052,0.9536899999999999,09-Apr-2015,02:15:00,1
4932995149329981,49329981941017052,0.9524600000000001,09-Apr-2015,02:20:00,1
4932995149329981,49329981941017052,0.95047,09-Apr-2015,02:25:00,1
4932995149329981,49329981941017052,0.9461700000000001,09-Apr-2015,02:30:00,1
4932995149329981,49329981941017052,0.9459200000000001,09-Apr-2015,02:35:00,1
4932995149329981,49329981941017052,0.9407200000000001,09-Apr-2015,02:40:00,1
4932995149329981,49329981941017052,0.9416200000000001,09-Apr-2015,02:45:00,1
4932995149329981,49329981941017052,0.9435,09-Apr-2015,02:50:00,1
4932995149329981,49329981941017052,0.94284,09-Apr-2015,02:55:00,1
4932995149329981,49329981941017052,0.94275,09-Apr-2015,03:00:00,1
4932995149329981,49329981941017052,0.93566,09-Apr-2015,03:05:00,1
4932995149329981,49329981941017052,0.93968,09-Apr-2015,03:10:00,1
4932995149329981,49329981941017052,0.94291,09-Apr-2015,03:15:00,1
4932995149329981,49329981941017052,0.94645,09-Apr-2015,03:20:00,1
4932995149329981,49329981941017052,0.95015,09-Apr-2015,03:25:00,1
4932995149329981,49329981941017052,0.95763,09-Apr-2015,03:30:00,1
4932995149329981,49329981941017052,0.9601,09-Apr-2015,03:35:00,1
4932995149329981,49329981941017052,0.9598700000000001,09-Apr-2015,03:40:00,1
4932995149329981,49329981941017052,0.96116,09-Apr-2015,03:45:00,1
4932995149329981,49329981941017052,0.96459,09-Apr-2015,03:50:00,1
4932995149329981,49329981941017052,0.96488,09-Apr-2015,03:55:00,1
4932995149329981,49329981941017052,0.96846,09-Apr-2015,04:00:00,1
4932995149329981,49329981941017052,0.96741,09-Apr-2015,04:05:00,1
4932995149329981,49329981941017052,0.9656299999999999,09-Apr-2015,04:10:00,1
4932995149329981,49329981941017052,0.9585899999999999,09-Apr-2015,04:15:00,1
4932995149329981,49329981941017052,0.96454,09-Apr-2015,04:20:00,1
4932995149329981,49329981941017052,0.96529,09-Apr-2015,04:25:00,1
4932995149329981,49329981941017052,0.9633700000000001,09-Apr-2015,04:30:00,1
4932995149329981,49329981941017052,0.9611700000000001,09-Apr-2015,04:35:00,1
4932995149329981,49329981941017052,0.9611299999999999,09-Apr-2015,04:40:00,1
4932995149329981,49329981941017052,0.9621700000000001,09-Apr-2015,04:45:00,1
4932995149329981,49329981941017052,0.96751,09-Apr-2015,04:50:00,1
4932995149329981,49329981941017052,0.96683,09-Apr-2015,04:55:00,1
4932995149329981,49329981941017052,0.9652799999999999,09-Apr-2015,05:00:00,1
4932995149329981,49329981941017052,0.9672700000000001,09-Apr-2015,05:05:00,1
4932995149329981,49329981941017052,0.97073,09-Apr-2015,05:10:00,1
4932995149329981,49329981941017052,0.9698,09-Apr-2015,05:15:00,1
4932995149329981,49329981941017052,0.96775,09-Apr-2015,05:20:00,1
4932995149329981,49329981941017052,0.96941,09-Apr-2015,05:25:00,1
4932995149329981,49329981941017052,0.96929,09-Apr-2015,05:30:00,1
4932995149329981,49329981941017052,0.96975,09-Apr-2015,05:35:00,1
4932995149329981,49329981941017052,0.96601,09-Apr-2015,05:40:00,1
4932995149329981,49329981941017052,0.9629700000000001,09-Apr-2015,05:45:00,1
4932995149329981,49329981941017052,0.9610200000000001,09-Apr-2015,05:50:00,1
4932995149329981,49329981941017052,0.95972,09-Apr-2015,05:55:00,1
4932995149329981,49329981941017052,0.9561799999999999,09-Apr-2015,06:00:00,1
4932995149329981,49329981941017052,0.9538,09-Apr-2015,06:05:00,1
4932995149329981,49329981941017052,0.94842,09-Apr-2015,06:10:00,1
4932995149329981,49329981941017052,0.9413100000000001,09-Apr-2015,06:15:00,1
4932995149329981,49329981941017052,0.93385,09-Apr-2015,06:20:00,1
4932995149329981,49329981941017052,0.92545,09-Apr-2015,06:25:00,1
4932995149329981,49329981941017052,0.9121600000000001,09-Apr-2015,06:30:00,1
4932995149329981,49329981941017052,0.9019,09-Apr-2015,06:35:00,1
4932995149329981,49329981941017052,0.8992700000000001,09-Apr-2015,06:40:00,1
4932995149329981,49329981941017052,0.89846,09-Apr-2015,06:45:00,1
4932995149329981,49329981941017052,0.89741,09-Apr-2015,06:50:00,1
4932995149329981,49329981941017052,0.89904,09-Apr-2015,06:55:00,1
4932995149329981,49329981941017052,0.89961,09-Apr-2015,07:00:00,1
4932995149329981,49329981941017052,0.90048,09-Apr-2015,07:05:00,1
4932995149329981,49329981941017052,0.90323,09-Apr-2015,07:10:00,1
4932995149329981,49329981941017052,0.90514,09-Apr-2015,07:15:00,1
4932995149329981,49329981941017052,0.90814,09-Apr-2015,07:20:00,1
4932995149329981,49329981941017052,0.9123600000000001,09-Apr-2015,07:25:00,1
4932995149329981,49329981941017052,0.9160299999999999,09-Apr-2015,07:30:00,1
4932995149329981,49329981941017052,0.91556,09-Apr-2015,07:35:00,1
4932995149329981,49329981941017052,0.9108700000000001,09-Apr-2015,07:40:00,1
4932995149329981,49329981941017052,0.90835,09-Apr-2015,07:45:00,1
4932995149329981,49329981941017052,0.90428,09-Apr-2015,07:50:00,1
4932995149329981,49329981941017052,0.89965,09-Apr-2015,07:55:00,1
4932995149329981,49329981941017052,0.8954799999999999,09-Apr-2015,08:00:00,1
4932995149329981,49329981941017052,0.8890399999999999,09-Apr-2015,08:05:00,1
4932995149329981,49329981941017052,0.8834799999999999,09-Apr-2015,08:10:00,1
4932995149329981,49329981941017052,0.87933,09-Apr-2015,08:15:00,1
4932995149329981,49329981941017052,0.8762200000000001,09-Apr-2015,08:20:00,1
4932995149329981,49329981941017052,0.87487,09-Apr-2015,08:25:00,1
4932995149329981,49329981941017052,0.8722,09-Apr-2015,08:30:00,1
4932995149329981,49329981941017052,0.86998,09-Apr-2015,08:35:00,1
4932995149329981,49329981941017052,0.86845,09-Apr-2015,08:40:00,1
4932995149329981,49329981941017052,0.8679399999999999,09-Apr-2015,08:45:00,1
4932995149329981,49329981941017052,0.86824,09-Apr-2015,08:50:00,1
4932995149329981,49329981941017052,0.86823,09-Apr-2015,08:55:00,1
4932995149329981,49329981941017052,0.8716200000000001,09-Apr-2015,09:00:00,1
4932995149329981,49329981941017052,0.8719600000000001,09-Apr-2015,09:05:00,1
4932995149329981,49329981941017052,0.8728,09-Apr-2015,09:10:00,1
4932995149329981,49329981941017052,0.87618,09-Apr-2015,09:15:00,1
4932995149329981,49329981941017052,0.8768299999999999,09-Apr-2015,09:20:00,1
4932995149329981,49329981941017052,0.87839,09-Apr-2015,09:25:00,1
4932995149329981,49329981941017052,0.88361,09-Apr-2015,09:30:00,1
4932995149329981,49329981941017052,0.88423,09-Apr-2015,09:35:00,1
4932995149329981,49329981941017052,0.88323,09-Apr-2015,09:40:00,1
4932995149329981,49329981941017052,0.883,09-Apr-2015,09:45:00,1
4932995149329981,49329981941017052,0.88236,09-Apr-2015,09:50:00,1
4932995149329981,49329981941017052,0.87908,09-Apr-2015,09:55:00,1
4932995149329981,49329981941017052,0.87954,09-Apr-2015,10:00:00,1
4932995149329981,49329981941017052,0.8788600000000001,09-Apr-2015,10:05:00,1
4932995149329981,49329981941017052,0.87989,09-Apr-2015,10:10:00,1
4932995149329981,49329981941017052,0.8816200000000001,09-Apr-2015,10:15:00,1
4932995149329981,49329981941017052,0.8829899999999999,09-Apr-2015,10:20:00,1
4932995149329981,49329981941017052,0.88308,09-Apr-2015,10:25:00,1
4932995149329981,49329981941017052,0.8866799999999999,09-Apr-2015,10:30:00,1
4932995149329981,49329981941017052,0.8911100000000001,09-Apr-2015,10:35:00,1
4932995149329981,49329981941017052,0.8942,09-Apr-2015,10:40:00,1
4932995149329981,49329981941017052,0.89718,09-Apr-2015,10:45:00,1
4932995149329981,49329981941017052,0.9018,09-Apr-2015,10:50:00,1
4932995149329981,49329981941017052,0.9077700000000001,09-Apr-2015,10:55:00,1
4932995149329981,49329981941017052,0.9098200000000001,09-Apr-2015,11:00:00,1
4932995149329981,49329981941017052,0.90927,09-Apr-2015,11:05:00,1
4932995149329981,49329981941017052,0.91055,09-Apr-2015,11:10:00,1
4932995149329981,49329981941017052,0.91095,09-Apr-2015,11:15:00,1
4932995149329981,49329981941017052,0.91209,09-Apr-2015,11:20:00,1
4932995149329981,49329981941017052,0.9107299999999999,09-Apr-2015,11:25:00,1
4932995149329981,49329981941017052,0.9059799999999999,09-Apr-2015,11:30:00,1
4932995149329981,49329981941017052,0.90251,09-Apr-2015,11:35:00,1
4932995149329981,49329981941017052,0.89931,09-Apr-2015,11:40:00,1
4932995149329981,49329981941017052,0.89591,09-Apr-2015,11:45:00,1
4932995149329981,49329981941017052,0.8944700000000001,09-Apr-2015,11:50:00,1
4932995149329981,49329981941017052,0.8952700000000001,09-Apr-2015,11:55:00,1
4932995149329981,49329981941017052,0.89438,09-Apr-2015,12:00:00,1
4932995149329981,49329981941017052,0.89245,09-Apr-2015,12:05:00,1
4932995149329981,49329981941017052,0.8923200000000001,09-Apr-2015,12:10:00,1
4932995149329981,49329981941017052,0.8932399999999999,09-Apr-2015,12:15:00,1
4932995149329981,49329981941017052,0.8940600000000001,09-Apr-2015,12:20:00,1
4932995149329981,49329981941017052,0.8962200000000001,09-Apr-2015,12:25:00,1
4932995149329981,49329981941017052,0.8980100000000001,09-Apr-2015,12:30:00,1
4932995149329981,49329981941017052,0.90409,09-Apr-2015,12:35:00,1
4932995149329981,49329981941017052,0.90859,09-Apr-2015,12:40:00,1
4932995149329981,49329981941017052,0.9095700000000001,09-Apr-2015,12:45:00,1
4932995149329981,49329981941017052,0.91074,09-Apr-2015,12:50:00,1
4932995149329981,49329981941017052,0.9136799999999999,09-Apr-2015,12:55:00,1
4932995149329981,49329981941017052,0.9157700000000001,09-Apr-2015,13:00:00,1
4932995149329981,49329981941017052,0.91674,09-Apr-2015,13:05:00,1
4932995149329981,49329981941017052,0.9146,09-Apr-2015,13:10:00,1
4932995149329981,49329981941017052,0.91391,09-Apr-2015,13:15:00,1
4932995149329981,49329981941017052,0.91325,09-Apr-2015,13:20:00,1
4932995149329981,49329981941017052,0.91222,09-Apr-2015,13:25:00,1
4932995149329981,49329981941017052,0.9061899999999999,09-Apr-2015,13:30:00,1
4932995149329981,49329981941017052,0.9065,09-Apr-2015,13:35:00,1
4932995149329981,49329981941017052,0.9059299999999999,09-Apr-2015,13:40:00,1
4932995149329981,49329981941017052,0.9056299999999999,09-Apr-2015,13:45:00,1
4932995149329981,49329981941017052,0.90422,09-Apr-2015,13:50:00,1
4932995149329981,49329981941017052,0.90501,09-Apr-2015,13:55:00,1
4932995149329981,49329981941017052,0.9063200000000001,09-Apr-2015,14:00:00,1
4932995149329981,49329981941017052,0.9082100000000001,09-Apr-2015,14:05:00,1
4932995149329981,49329981941017052,0.91232,09-Apr-2015,14:10:00,1
4932995149329981,49329981941017052,0.9155399999999999,09-Apr-2015,14:15:00,1
4932995149329981,49329981941017052,0.9189799999999999,09-Apr-2015,14:20:00,1
4932995149329981,49329981941017052,0.92117,09-Apr-2015,14:25:00,1
4932995149329981,49329981941017052,0.9198799999999999,09-Apr-2015,14:30:00,1
4932995149329981,49329981941017052,0.9187200000000001,09-Apr-2015,14:35:00,1
4932995149329981,49329981941017052,0.9199299999999999,09-Apr-2015,14:40:00,1
4932995149329981,49329981941017052,0.92004,09-Apr-2015,14:45:00,1
4932995149329981,49329981941017052,0.9174100000000001,09-Apr-2015,14:50:00,1
4932995149329981,49329981941017052,0.9145200000000001,09-Apr-2015,14:55:00,1
4932995149329981,49329981941017052,0.91412,09-Apr-2015,15:00:00,1
4932995149329981,49329981941017052,0.91065,09-Apr-2015,15:05:00,1
4932995149329981,49329981941017052,0.90828,09-Apr-2015,15:10:00,1
4932995149329981,49329981941017052,0.9031,09-Apr-2015,15:15:00,1
4932995149329981,49329981941017052,0.9055,09-Apr-2015,15:20:00,1
4932995149329981,49329981941017052,0.9086799999999999,09-Apr-2015,15:25:00,1
4932995149329981,49329981941017052,0.90685,09-Apr-2015,15:30:00,1
4932995149329981,49329981941017052,0.90796,09-Apr-2015,15:35:00,1
4932995149329981,49329981941017052,0.91141,09-Apr-2015,15:40:00,1
4932995149329981,49329981941017052,0.9152100000000001,09-Apr-2015,15:45:00,1
4932995149329981,49329981941017052,0.91659,09-Apr-2015,15:50:00,1
4932995149329981,49329981941017052,0.9166200000000001,09-Apr-2015,15:55:00,1
4932995149329981,49329981941017052,0.91695,09-Apr-2015,16:00:00,1
4932995149329981,49329981941017052,0.91801,09-Apr-2015,16:05:00,1
4932995149329981,49329981941017052,0.92112,09-Apr-2015,16:10:00,1
4932995149329981,49329981941017052,0.9199700000000001,09-Apr-2015,16:15:00,1
4932995149329981,49329981941017052,0.9174399999999999,09-Apr-2015,16:20:00,1
4932995149329981,49329981941017052,0.91965,09-Apr-2015,16:25:00,1
4932995149329981,49329981941017052,0.91822,09-Apr-2015,16:30:00,1
4932995149329981,49329981941017052,0.9142600000000001,09-Apr-2015,16:35:00,1
4932995149329981,49329981941017052,0.9116,09-Apr-2015,16:40:00,1
4932995149329981,49329981941017052,0.9097200000000001,09-Apr-2015,16:45:00,1
4932995149329981,49329981941017052,0.91009,09-Apr-2015,16:50:00,1
4932995149329981,49329981941017052,0.90835,09-Apr-2015,16:55:00,1
4932995149329981,49329981941017052,0.90541,09-Apr-2015,17:00:00,1
4932995149329981,49329981941017052,0.90241,09-Apr-2015,17:05:00,1
4932995149329981,49329981941017052,0.9010600000000001,09-Apr-2015,17:10:00,1
4932995149329981,49329981941017052,0.89786,09-Apr-2015,17:15:00,1
4932995149329981,49329981941017052,0.8947200000000001,09-Apr-2015,17:20:00,1
4932995149329981,49329981941017052,0.89112,09-Apr-2015,17:25:00,1
4932995149329981,49329981941017052,0.88945,09-Apr-2015,17:30:00,1
4932995149329981,49329981941017052,0.88721,09-Apr-2015,17:35:00,1
4932995149329981,49329981941017052,0.8850600000000001,09-Apr-2015,17:40:00,1
4932995149329981,49329981941017052,0.88002,09-Apr-2015,17:45:00,1
4932995149329981,49329981941017052,0.8743299999999999,09-Apr-2015,17:50:00,1
4932995149329981,49329981941017052,0.8772399999999999,09-Apr-2015,17:55:00,1
4932995149329981,49329981941017052,0.8790100000000001,09-Apr-2015,18:00:00,1
4932995149329981,49329981941017052,0.8779899999999999,09-Apr-2015,18:05:00,1
4932995149329981,49329981941017052,0.88066,09-Apr-2015,18:10:00,1
4932995149329981,49329981941017052,0.88297,09-Apr-2015,18:15:00,1
4932995149329981,49329981941017052,0.8844,09-Apr-2015,18:20:00,1
4932995149329981,49329981941017052,0.88359,09-Apr-2015,18:25:00,1
4932995149329981,49329981941017052,0.88379,09-Apr-2015,18:30:00,1
4932995149329981,49329981941017052,0.88287,09-Apr-2015,18:35:00,1
4932995149329981,49329981941017052,0.88512,09-Apr-2015,18:40:00,1
4932995149329981,49329981941017052,0.88728,09-Apr-2015,18:45:00,1
4932995149329981,49329981941017052,0.88297,09-Apr-2015,18:50:00,1
4932995149329981,49329981941017052,0.8824799999999999,09-Apr-2015,18:55:00,1
4932995149329981,49329981941017052,0.8830899999999999,09-Apr-2015,19:00:00,1
4932995149329981,49329981941017052,0.88187,09-Apr-2015,19:05:00,1
4932995149329981,49329981941017052,0.8807799999999999,09-Apr-2015,19:10:00,1
4932995149329981,49329981941017052,0.8817,09-Apr-2015,19:15:00,1
4932995149329981,49329981941017052,0.88469,09-Apr-2015,19:20:00,1
4932995149329981,49329981941017052,0.88575,09-Apr-2015,19:25:00,1
4932995149329981,49329981941017052,0.88787,09-Apr-2015,19:30:00,1
4932995149329981,49329981941017052,0.8865299999999999,09-Apr-2015,19:35:00,1
4932995149329981,49329981941017052,0.88656,09-Apr-2015,19:40:00,1
4932995149329981,49329981941017052,0.8891600000000001,09-Apr-2015,19:45:00,1
4932995149329981,49329981941017052,0.88864,09-Apr-2015,19:50:00,1
4932995149329981,49329981941017052,0.8880399999999999,09-Apr-2015,19:55:00,1
4932995149329981,49329981941017052,0.8888299999999999,09-Apr-2015,20:00:00,1
4932995149329981,49329981941017052,0.8889,09-Apr-2015,20:05:00,1
4932995149329981,49329981941017052,0.88794,09-Apr-2015,20:10:00,1
4932995149329981,49329981941017052,0.88976,09-Apr-2015,20:15:00,1
4932995149329981,49329981941017052,0.8906200000000001,09-Apr-2015,20:20:00,1
4932995149329981,49329981941017052,0.8935700000000001,09-Apr-2015,20:25:00,1
4932995149329981,49329981941017052,0.8942100000000001,09-Apr-2015,20:30:00,1
4932995149329981,49329981941017052,0.8933399999999999,09-Apr-2015,20:35:00,1
4932995149329981,49329981941017052,0.8935700000000001,09-Apr-2015,20:40:00,1
4932995149329981,49329981941017052,0.89459,09-Apr-2015,20:45:00,1
4932995149329981,49329981941017052,0.8991399999999999,09-Apr-2015,20:50:00,1
4932995149329981,49329981941017052,0.8983200000000001,09-Apr-2015,20:55:00,1
4932995149329981,49329981941017052,0.8995299999999999,09-Apr-2015,21:00:00,1
4932995149329981,49329981941017052,0.899,09-Apr-2015,21:05:00,1
4932995149329981,49329981941017052,0.89738,09-Apr-2015,21:10:00,1
4932995149329981,49329981941017052,0.89697,09-Apr-2015,21:15:00,1
4932995149329981,49329981941017052,0.8960600000000001,09-Apr-2015,21:20:00,1
4932995149329981,49329981941017052,0.89595,09-Apr-2015,21:25:00,1
4932995149329981,49329981941017052,0.8962399999999999,09-Apr-2015,21:30:00,1
4932995149329981,49329981941017052,0.8961399999999999,09-Apr-2015,21:35:00,1
4932995149329981,49329981941017052,0.89646,09-Apr-2015,21:40:00,1
4932995149329981,49329981941017052,0.8932200000000001,09-Apr-2015,21:45:00,1
4932995149329981,49329981941017052,0.89255,09-Apr-2015,21:50:00,1
4932995149329981,49329981941017052,0.89275,09-Apr-2015,21:55:00,1
4932995149329981,49329981941017052,0.89543,09-Apr-2015,22:00:00,1
4932995149329981,49329981941017052,0.89459,09-Apr-2015,22:05:00,1
4932995149329981,49329981941017052,0.89656,09-Apr-2015,22:10:00,1
4932995149329981,49329981941017052,0.8994200000000001,09-Apr-2015,22:15:00,1
4932995149329981,49329981941017052,0.8987200000000001,09-Apr-2015,22:20:00,1
4932995149329981,49329981941017052,0.89851,09-Apr-2015,22:25:00,1
4932995149329981,49329981941017052,0.8988200000000001,09-Apr-2015,22:30:00,1
4932995149329981,49329981941017052,0.89866,09-Apr-2015,22:35:00,1
4932995149329981,49329981941017052,0.89841,09-Apr-2015,22:40:00,1
4932995149329981,49329981941017052,0.8988,09-Apr-2015,22:45:00,1
4932995149329981,49329981941017052,0.89404,09-Apr-2015,22:50:00,1
4932995149329981,49329981941017052,0.8952600000000001,09-Apr-2015,22:55:00,1
4932995149329981,49329981941017052,0.89741,09-Apr-2015,23:00:00,1
4932995149329981,49329981941017052,0.89236,09-Apr-2015,23:05:00,1
4932995149329981,49329981941017052,0.88712,09-Apr-2015,23:10:00,1
4932995149329981,49329981941017052,0.90236,09-Apr-2015,23:15:00,1
4932995149329981,49329981941017052,0.9033700000000001,09-Apr-2015,23:20:00,1
4932995149329981,49329981941017052,0.9045799999999999,09-Apr-2015,23:25:00,1
4932995149329981,49329981941017052,0.90709,09-Apr-2015,23:30:00,1
4932995149329981,49329981941017052,0.91246,09-Apr-2015,23:35:00,1
4932995149329981,49329981941017052,0.9123100000000001,09-Apr-2015,23:40:00,1
4932995149329981,49329981941017052,0.92001,09-Apr-2015,23:45:00,1
4932995149329981,49329981941017052,0.9206700000000001,09-Apr-2015,23:50:00,1
4932995149329981,49329981941017052,0.9227799999999999,09-Apr-2015,23:55:00,1
